term,chisq,p
age_index,0.31486323795236953,0.5747111284995453
sex_f,0.0028640534760100856,0.9573201037268534
los,0.5603760984015156,0.45410874650150856
hx_htn,1.6387915642623707,0.20049135097413623
GLOBAL,3.3424762337716993,0.5022305319220693
