term,estimate,std.error,statistic,p.value,conf.low,conf.high
age10,0.92,0.12208779186962102,-0.6609956941632052,0.509,0.73,1.17
sex_fF,2.2,0.6646044839059315,1.1846200431704874,0.236,0.6,8.08
los,1.16,0.04248381046998508,3.5944638339767074,3.25e-4,1.07,1.27
hx_htnYes,15.5,1.0754226811683147,2.5483330646593574,0.0108,1.88,127.53
